{"cameraMode":{"drawMode":0,"name":"Shaded","section":"Shading Mode"},"sceneLighting":true,"audioPlay":false,"sceneViewState":{"m_AlwaysRefresh":false,"showFog":true,"showSkybox":true,"showFlares":true,"showImageEffects":true,"showParticleSystems":true,"showVisualEffectGraphs":true,"m_FxEnabled":true},"in2DMode":false,"pivot":{"x":-0.11626651883125305,"y":0.18206486105918885,"z":-0.15990284085273744},"rotation":{"x":-0.19926229119300843,"y":0.7479456067085266,"z":-0.2577032446861267,"w":-0.5783292055130005},"size":7.344792366027832,"orthographic":false}